frame,track_id,gender,gender_p,emotion,emotion_p
1,1,female,0.7239,sad,0.7538
1,2,female,0.8336,sad,0.6638
2,1,female,0.7239,sad,0.7538
2,2,female,0.7485,sad,0.6114
3,1,female,0.7239,sad,0.7538
3,2,female,0.7485,sad,0.6114
4,1,female,0.7239,sad,0.7538
4,2,female,0.7485,sad,0.6114
5,1,female,0.7239,sad,0.7538
5,2,female,0.7485,sad,0.6114
6,1,female,0.7239,sad,0.7538
6,2,female,0.7485,sad,0.6114
7,1,female,0.7239,sad,0.7538
7,2,female,0.7485,sad,0.6114
8,1,female,0.7239,sad,0.7538
8,2,female,0.7485,sad,0.6114
9,1,female,0.7239,sad,0.7538
9,2,female,0.7485,sad,0.6114
9,3,male,0.6669,sad,0.9801
10,1,female,0.7239,sad,0.7538
10,2,female,0.7485,sad,0.6114
10,3,male,0.6669,sad,0.9801
11,1,female,0.7239,sad,0.7538
11,2,female,0.7485,sad,0.6114
11,3,male,0.6669,sad,0.9801
12,1,female,0.7239,sad,0.7538
12,2,female,0.7485,sad,0.6114
12,3,male,0.6669,sad,0.9801
13,1,female,0.7239,sad,0.7538
13,2,female,0.7485,sad,0.6114
13,3,male,0.6669,sad,0.9801
14,1,female,0.7239,sad,0.7538
14,3,male,0.6669,sad,0.9801
14,2,female,0.7485,sad,0.6114
15,1,female,0.7239,sad,0.7538
15,3,male,0.6669,sad,0.9801
15,2,female,0.7485,sad,0.6114
16,1,female,0.7239,sad,0.7538
16,3,male,0.6669,sad,0.9801
16,2,female,0.7485,sad,0.6114
17,1,female,0.7239,sad,0.7538
17,3,male,0.6669,sad,0.9801
17,2,female,0.7485,sad,0.6114
18,1,female,0.7239,sad,0.7538
18,3,male,0.6669,sad,0.9801
18,2,female,0.7485,sad,0.6114
19,1,female,0.7239,sad,0.7538
19,3,male,0.6669,sad,0.9801
19,2,female,0.7485,sad,0.6114
20,1,female,0.7239,sad,0.7538
20,3,male,0.6669,sad,0.9801
20,2,female,0.7485,sad,0.6114
21,1,female,0.7239,sad,0.7538
21,3,male,0.6669,sad,0.9801
21,2,female,0.7485,sad,0.6114
22,1,female,0.7239,sad,0.7538
22,3,male,0.6669,sad,0.9801
22,2,female,0.7485,sad,0.6114
23,1,female,0.7239,sad,0.7538
23,3,male,0.6669,sad,0.9801
23,2,female,0.7485,sad,0.6114
24,1,female,0.7239,sad,0.7538
24,3,male,0.6669,sad,0.9801
24,2,female,0.7485,sad,0.6114
25,1,female,0.7239,sad,0.7538
25,3,male,0.6669,sad,0.9801
25,2,female,0.7485,sad,0.6114
26,1,female,0.7239,sad,0.7538
26,3,male,0.6669,sad,0.9801
26,2,female,0.7485,sad,0.6114
27,1,female,0.7239,sad,0.7538
27,3,male,0.6669,sad,0.9801
27,2,female,0.7485,sad,0.6114
28,1,female,0.7239,sad,0.7538
28,3,male,0.6669,sad,0.9801
28,2,female,0.7485,sad,0.6114
29,1,female,0.7239,sad,0.7538
29,3,male,0.6669,sad,0.9801
29,2,female,0.7485,sad,0.6114
30,1,female,0.7239,sad,0.7538
30,3,male,0.6669,sad,0.9801
30,2,female,0.7485,sad,0.6114
31,1,female,0.7239,sad,0.7538
31,3,male,0.6669,sad,0.9801
31,2,female,0.7485,sad,0.6114
32,3,male,0.6669,sad,0.9801
32,1,female,0.7239,sad,0.7538
32,2,female,0.7485,sad,0.6114
33,3,male,0.6669,sad,0.9801
33,1,female,0.7239,sad,0.7538
33,2,female,0.7485,sad,0.6114
34,3,male,0.6669,sad,0.9801
34,1,female,0.7239,sad,0.7538
34,2,female,0.7485,sad,0.6114
35,3,male,0.6669,sad,0.9801
35,1,female,0.7239,sad,0.7538
35,2,female,0.7485,sad,0.6114
36,3,male,0.6669,sad,0.9801
36,1,female,0.7239,sad,0.7538
36,2,female,0.7485,sad,0.6114
37,3,male,0.6669,sad,0.9801
37,1,female,0.7239,sad,0.7538
37,2,female,0.7485,sad,0.6114
38,3,male,0.6669,sad,0.9801
38,1,female,0.7239,sad,0.7538
38,2,female,0.7485,sad,0.6114
39,3,male,0.6669,sad,0.9801
39,1,female,0.7239,sad,0.7538
39,2,female,0.7485,sad,0.6114
40,3,male,0.6669,sad,0.9801
40,1,female,0.7239,sad,0.7538
40,2,female,0.7485,sad,0.6114
41,3,male,0.6669,sad,0.9801
41,1,female,0.7239,sad,0.7538
41,2,female,0.7485,sad,0.6114
42,3,male,0.6669,sad,0.9801
42,1,female,0.7239,sad,0.7538
42,2,female,0.7485,sad,0.6114
43,3,male,0.6669,sad,0.9801
43,1,female,0.7239,sad,0.7538
43,2,female,0.7485,sad,0.6114
44,3,male,0.6669,sad,0.9801
44,1,female,0.7239,sad,0.7538
44,2,female,0.7485,sad,0.6114
45,3,male,0.6669,sad,0.9801
45,1,female,0.7239,sad,0.7538
45,2,female,0.7485,sad,0.6114
46,3,male,0.6669,sad,0.9801
46,1,female,0.7239,sad,0.7538
46,2,female,0.7485,sad,0.6114
47,1,female,0.7239,sad,0.7538
47,3,male,0.6669,sad,0.9801
47,2,female,0.7485,sad,0.6114
48,3,male,0.6669,sad,0.9801
48,1,female,0.7239,sad,0.7538
48,2,female,0.7485,sad,0.6114
49,1,female,0.7239,sad,0.7538
49,3,male,0.6669,sad,0.9801
49,2,female,0.7485,sad,0.6114
50,3,male,0.6669,sad,0.9801
50,1,female,0.7239,sad,0.7538
50,2,female,0.7485,sad,0.6114
51,3,male,0.6669,sad,0.9801
51,1,female,0.7550,sad,0.6926
51,2,female,0.7485,sad,0.6114
52,3,male,0.6669,sad,0.9801
52,1,female,0.7550,sad,0.6926
52,2,female,0.7491,sad,0.6424
53,3,male,0.6591,sad,0.8903
53,1,female,0.7550,sad,0.6926
53,2,female,0.7491,sad,0.6424
54,3,male,0.6591,sad,0.8903
54,1,female,0.7550,sad,0.6926
54,2,female,0.7491,sad,0.6424
55,3,male,0.6591,sad,0.8903
55,1,female,0.7550,sad,0.6926
55,2,female,0.7491,sad,0.6424
56,3,male,0.6591,sad,0.8903
56,1,female,0.7550,sad,0.6926
56,2,female,0.7491,sad,0.6424
57,3,male,0.6591,sad,0.8903
57,1,female,0.7550,sad,0.6926
57,2,female,0.7491,sad,0.6424
58,3,male,0.6591,sad,0.8903
58,1,female,0.7550,sad,0.6926
58,2,female,0.7491,sad,0.6424
59,3,male,0.6591,sad,0.8903
59,1,female,0.7550,sad,0.6926
59,2,female,0.7491,sad,0.6424
60,3,male,0.6591,sad,0.8903
60,1,female,0.7550,sad,0.6926
60,2,female,0.7491,sad,0.6424
61,3,male,0.6591,sad,0.8903
61,1,female,0.7550,sad,0.6926
61,2,female,0.7491,sad,0.6424
62,3,male,0.6591,sad,0.8903
62,1,female,0.7550,sad,0.6926
62,2,female,0.7491,sad,0.6424
63,3,male,0.6591,sad,0.8903
63,1,female,0.7550,sad,0.6926
63,2,female,0.7491,sad,0.6424
64,3,male,0.6591,sad,0.8903
64,1,female,0.7550,sad,0.6926
64,2,female,0.7491,sad,0.6424
65,3,male,0.6591,sad,0.8903
65,1,female,0.7550,sad,0.6926
65,2,female,0.7491,sad,0.6424
66,3,male,0.6591,sad,0.8903
66,1,female,0.7550,sad,0.6926
66,2,female,0.7491,sad,0.6424
67,3,male,0.6591,sad,0.8903
67,1,female,0.7550,sad,0.6926
67,2,female,0.7491,sad,0.6424
68,3,male,0.6591,sad,0.8903
68,1,female,0.7550,sad,0.6926
68,2,female,0.7491,sad,0.6424
69,3,male,0.6591,sad,0.8903
69,1,female,0.7550,sad,0.6926
69,2,female,0.7491,sad,0.6424
70,3,male,0.6591,sad,0.8903
70,1,female,0.7550,sad,0.6926
70,2,female,0.7491,sad,0.6424
71,3,male,0.6591,sad,0.8903
71,1,female,0.7550,sad,0.6926
71,2,female,0.7491,sad,0.6424
72,3,male,0.6591,sad,0.8903
72,1,female,0.7550,sad,0.6926
72,2,female,0.7491,sad,0.6424
73,3,male,0.6591,sad,0.8903
73,1,female,0.7550,sad,0.6926
73,2,female,0.7491,sad,0.6424
74,3,male,0.6591,sad,0.8903
74,1,female,0.7550,sad,0.6926
74,2,female,0.7491,sad,0.6424
75,3,male,0.6591,sad,0.8903
75,1,female,0.7550,sad,0.6926
75,2,female,0.7491,sad,0.6424
76,3,male,0.6591,sad,0.8903
76,1,female,0.7550,sad,0.6926
76,2,female,0.7491,sad,0.6424
77,3,male,0.6591,sad,0.8903
77,1,female,0.7550,sad,0.6926
77,2,female,0.7491,sad,0.6424
78,3,male,0.6591,sad,0.8903
78,1,female,0.7550,sad,0.6926
78,2,female,0.7491,sad,0.6424
79,3,male,0.6591,sad,0.8903
79,1,female,0.7550,sad,0.6926
79,2,female,0.7491,sad,0.6424
80,3,male,0.6591,sad,0.8903
80,1,female,0.7550,sad,0.6926
80,2,female,0.7491,sad,0.6424
81,3,male,0.6591,sad,0.8903
81,1,female,0.7550,sad,0.6926
81,2,female,0.7491,sad,0.6424
82,3,male,0.6591,sad,0.8903
82,1,female,0.7550,sad,0.6926
82,2,female,0.7491,sad,0.6424
83,3,male,0.6591,sad,0.8903
83,1,female,0.7550,sad,0.6926
83,2,female,0.7491,sad,0.6424
84,3,male,0.6591,sad,0.8903
84,1,female,0.7550,sad,0.6926
84,2,female,0.7491,sad,0.6424
85,3,male,0.6591,sad,0.8903
85,1,female,0.7550,sad,0.6926
85,2,female,0.7491,sad,0.6424
86,3,male,0.6591,sad,0.8903
86,1,female,0.7550,sad,0.6926
86,2,female,0.7491,sad,0.6424
87,3,male,0.6591,sad,0.8903
87,1,female,0.7550,sad,0.6926
87,2,female,0.7491,sad,0.6424
88,3,male,0.6591,sad,0.8903
88,1,female,0.7550,sad,0.6926
88,2,female,0.7491,sad,0.6424
89,3,male,0.6591,sad,0.8903
89,1,female,0.7550,sad,0.6926
89,2,female,0.7491,sad,0.6424
90,3,male,0.6591,sad,0.8903
90,1,female,0.7550,sad,0.6926
90,2,female,0.7491,sad,0.6424
91,3,male,0.6591,sad,0.8903
91,1,female,0.7550,sad,0.6926
91,2,female,0.7491,sad,0.6424
92,3,male,0.6591,sad,0.8903
92,1,female,0.7550,sad,0.6926
92,2,female,0.7491,sad,0.6424
93,3,male,0.6591,sad,0.8903
93,1,female,0.7550,sad,0.6926
93,2,female,0.7491,sad,0.6424
94,3,male,0.6591,sad,0.8903
94,1,female,0.7550,sad,0.6926
94,2,female,0.7491,sad,0.6424
95,3,male,0.6591,sad,0.8903
95,1,female,0.7550,sad,0.6926
95,2,female,0.7491,sad,0.6424
96,3,male,0.6591,sad,0.8903
96,1,female,0.7550,sad,0.6926
96,2,female,0.7491,sad,0.6424
97,3,male,0.6591,sad,0.8903
97,1,female,0.7550,sad,0.6926
98,3,male,0.6591,sad,0.8903
98,1,female,0.7550,sad,0.6926
99,3,male,0.6591,sad,0.8903
99,1,female,0.7550,sad,0.6926
100,3,male,0.6591,sad,0.8903
100,1,female,0.7550,sad,0.6926
101,3,male,0.6591,sad,0.8903
101,1,female,0.8394,sad,0.5256
102,3,male,0.6591,sad,0.8903
102,1,female,0.8394,sad,0.5256
103,3,male,0.9275,natural,0.5717
103,1,female,0.8394,sad,0.5256
104,3,male,0.9275,natural,0.5717
104,1,female,0.8394,sad,0.5256
105,3,male,0.9275,natural,0.5717
105,1,female,0.8394,sad,0.5256
106,3,male,0.9275,natural,0.5717
106,1,female,0.8394,sad,0.5256
107,3,male,0.9275,natural,0.5717
107,1,female,0.8394,sad,0.5256
108,3,male,0.9275,natural,0.5717
108,1,female,0.8394,sad,0.5256
108,2,female,0.7491,sad,0.6424
109,3,male,0.9275,natural,0.5717
109,1,female,0.8394,sad,0.5256
110,3,male,0.9275,natural,0.5717
110,1,female,0.8394,sad,0.5256
111,3,male,0.9275,natural,0.5717
111,1,female,0.8394,sad,0.5256
112,3,male,0.9275,natural,0.5717
112,1,female,0.8394,sad,0.5256
113,3,male,0.9275,natural,0.5717
113,1,female,0.8394,sad,0.5256
114,3,male,0.9275,natural,0.5717
114,1,female,0.8394,sad,0.5256
115,3,male,0.9275,natural,0.5717
115,1,female,0.8394,sad,0.5256
116,3,male,0.9275,natural,0.5717
116,1,female,0.8394,sad,0.5256
116,2,female,0.7491,sad,0.6424
117,3,male,0.9275,natural,0.5717
117,1,female,0.8394,sad,0.5256
117,2,female,0.7491,sad,0.6424
118,3,male,0.9275,natural,0.5717
118,1,female,0.8394,sad,0.5256
118,2,female,0.7491,sad,0.6424
119,3,male,0.9275,natural,0.5717
119,1,female,0.8394,sad,0.5256
119,2,female,0.7491,sad,0.6424
120,3,male,0.9275,natural,0.5717
120,1,female,0.8394,sad,0.5256
120,2,female,0.7491,sad,0.6424
121,3,male,0.9275,natural,0.5717
121,1,female,0.8394,sad,0.5256
121,2,female,0.7491,sad,0.6424
122,3,male,0.9275,natural,0.5717
122,1,female,0.8394,sad,0.5256
122,2,female,0.7491,sad,0.6424
123,3,male,0.9275,natural,0.5717
123,1,female,0.8394,sad,0.5256
124,3,male,0.9275,natural,0.5717
124,1,female,0.8394,sad,0.5256
124,2,female,0.7491,sad,0.6424
125,3,male,0.9275,natural,0.5717
125,1,female,0.8394,sad,0.5256
125,2,female,0.7491,sad,0.6424
126,3,male,0.9275,natural,0.5717
126,1,female,0.8394,sad,0.5256
126,2,female,0.7491,sad,0.6424
127,3,male,0.9275,natural,0.5717
127,1,female,0.8394,sad,0.5256
127,2,female,0.7491,sad,0.6424
128,3,male,0.9275,natural,0.5717
128,1,female,0.8394,sad,0.5256
128,2,female,0.7491,sad,0.6424
129,3,male,0.9275,natural,0.5717
129,1,female,0.8394,sad,0.5256
129,2,female,0.7491,sad,0.6424
130,3,male,0.9275,natural,0.5717
130,1,female,0.8394,sad,0.5256
130,2,female,0.7491,sad,0.6424
131,3,male,0.9275,natural,0.5717
131,1,female,0.8394,sad,0.5256
131,2,female,0.7491,sad,0.6424
132,3,male,0.9275,natural,0.5717
132,1,female,0.8394,sad,0.5256
132,2,female,0.7491,sad,0.6424
133,3,male,0.9275,natural,0.5717
133,1,female,0.8394,sad,0.5256
133,2,female,0.7491,sad,0.6424
134,3,male,0.9275,natural,0.5717
134,1,female,0.8394,sad,0.5256
134,2,female,0.7491,sad,0.6424
135,3,male,0.9275,natural,0.5717
135,1,female,0.8394,sad,0.5256
135,2,female,0.7491,sad,0.6424
136,3,male,0.9275,natural,0.5717
136,1,female,0.8394,sad,0.5256
136,2,female,0.7491,sad,0.6424
137,3,male,0.9275,natural,0.5717
137,1,female,0.8394,sad,0.5256
137,2,female,0.7491,sad,0.6424
138,3,male,0.9275,natural,0.5717
138,1,female,0.8394,sad,0.5256
138,2,female,0.7491,sad,0.6424
139,3,male,0.9275,natural,0.5717
139,1,female,0.8394,sad,0.5256
139,2,female,0.7491,sad,0.6424
140,3,male,0.9275,natural,0.5717
140,1,female,0.8394,sad,0.5256
140,2,female,0.7491,sad,0.6424
141,3,male,0.9275,natural,0.5717
141,1,female,0.8394,sad,0.5256
141,2,female,0.7491,sad,0.6424
142,3,male,0.9275,natural,0.5717
142,1,female,0.8394,sad,0.5256
142,2,female,0.7491,sad,0.6424
143,3,male,0.9275,natural,0.5717
143,1,female,0.8394,sad,0.5256
144,3,male,0.9275,natural,0.5717
144,1,female,0.8394,sad,0.5256
145,3,male,0.9275,natural,0.5717
145,1,female,0.8394,sad,0.5256
145,2,female,0.7491,sad,0.6424
146,3,male,0.9275,natural,0.5717
146,1,female,0.8394,sad,0.5256
147,3,male,0.9275,natural,0.5717
147,1,female,0.8394,sad,0.5256
148,3,male,0.9275,natural,0.5717
148,1,female,0.8394,sad,0.5256
148,2,female,0.7491,sad,0.6424
149,3,male,0.9275,natural,0.5717
149,1,female,0.8394,sad,0.5256
149,2,female,0.7491,sad,0.6424
150,3,male,0.9275,natural,0.5717
150,1,female,0.8394,sad,0.5256
151,3,male,0.9275,natural,0.5717
151,1,female,0.8282,sad,0.5111
152,3,male,0.9275,natural,0.5717
152,1,female,0.8282,sad,0.5111
153,3,male,0.9819,sad,0.6447
153,1,female,0.8282,sad,0.5111
153,2,female,0.7491,sad,0.6424
154,3,male,0.9819,sad,0.6447
154,1,female,0.8282,sad,0.5111
155,3,male,0.9819,sad,0.6447
155,1,female,0.8282,sad,0.5111
156,3,male,0.9819,sad,0.6447
156,1,female,0.8282,sad,0.5111
157,3,male,0.9819,sad,0.6447
157,1,female,0.8282,sad,0.5111
158,3,male,0.9819,sad,0.6447
158,1,female,0.8282,sad,0.5111
159,3,male,0.9819,sad,0.6447
159,1,female,0.8282,sad,0.5111
160,3,male,0.9819,sad,0.6447
160,1,female,0.8282,sad,0.5111
161,3,male,0.9819,sad,0.6447
161,1,female,0.8282,sad,0.5111
162,3,male,0.9819,sad,0.6447
162,1,female,0.8282,sad,0.5111
163,3,male,0.9819,sad,0.6447
163,1,female,0.8282,sad,0.5111
164,3,male,0.9819,sad,0.6447
164,1,female,0.8282,sad,0.5111
165,3,male,0.9819,sad,0.6447
165,1,female,0.8282,sad,0.5111
166,3,male,0.9819,sad,0.6447
166,1,female,0.8282,sad,0.5111
167,3,male,0.9819,sad,0.6447
167,1,female,0.8282,sad,0.5111
168,3,male,0.9819,sad,0.6447
168,1,female,0.8282,sad,0.5111
169,3,male,0.9819,sad,0.6447
169,1,female,0.8282,sad,0.5111
170,3,male,0.9819,sad,0.6447
170,1,female,0.8282,sad,0.5111
171,3,male,0.9819,sad,0.6447
171,1,female,0.8282,sad,0.5111
172,3,male,0.9819,sad,0.6447
172,1,female,0.8282,sad,0.5111
173,3,male,0.9819,sad,0.6447
173,1,female,0.8282,sad,0.5111
174,3,male,0.9819,sad,0.6447
174,1,female,0.8282,sad,0.5111
175,3,male,0.9819,sad,0.6447
175,1,female,0.8282,sad,0.5111
176,3,male,0.9819,sad,0.6447
176,1,female,0.8282,sad,0.5111
177,3,male,0.9819,sad,0.6447
177,1,female,0.8282,sad,0.5111
178,3,male,0.9819,sad,0.6447
178,1,female,0.8282,sad,0.5111
179,3,male,0.9819,sad,0.6447
179,1,female,0.8282,sad,0.5111
180,3,male,0.9819,sad,0.6447
180,1,female,0.8282,sad,0.5111
181,3,male,0.9819,sad,0.6447
181,1,female,0.8282,sad,0.5111
182,3,male,0.9819,sad,0.6447
182,1,female,0.8282,sad,0.5111
183,3,male,0.9819,sad,0.6447
183,1,female,0.8282,sad,0.5111
184,3,male,0.9819,sad,0.6447
184,1,female,0.8282,sad,0.5111
185,3,male,0.9819,sad,0.6447
185,1,female,0.8282,sad,0.5111
186,3,male,0.9819,sad,0.6447
186,1,female,0.8282,sad,0.5111
187,3,male,0.9819,sad,0.6447
187,1,female,0.8282,sad,0.5111
188,3,male,0.9819,sad,0.6447
188,1,female,0.8282,sad,0.5111
189,3,male,0.9819,sad,0.6447
189,1,female,0.8282,sad,0.5111
190,3,male,0.9819,sad,0.6447
190,1,female,0.8282,sad,0.5111
191,3,male,0.9819,sad,0.6447
191,1,female,0.8282,sad,0.5111
192,3,male,0.9819,sad,0.6447
192,1,female,0.8282,sad,0.5111
193,3,male,0.9819,sad,0.6447
193,1,female,0.8282,sad,0.5111
194,3,male,0.9819,sad,0.6447
194,1,female,0.8282,sad,0.5111
195,3,male,0.9819,sad,0.6447
195,1,female,0.8282,sad,0.5111
196,3,male,0.9819,sad,0.6447
196,1,female,0.8282,sad,0.5111
197,3,male,0.9819,sad,0.6447
197,1,female,0.8282,sad,0.5111
198,3,male,0.9819,sad,0.6447
198,1,female,0.8282,sad,0.5111
198,5,female,0.7838,natural,0.8100
199,3,male,0.9819,sad,0.6447
199,1,female,0.8282,sad,0.5111
199,5,female,0.7838,natural,0.8100
200,3,male,0.9819,sad,0.6447
200,1,female,0.8282,sad,0.5111
200,5,female,0.7838,natural,0.8100
201,3,male,0.9819,sad,0.6447
201,1,female,0.8328,natural,0.5681
201,5,female,0.7838,natural,0.8100
202,3,male,0.9819,sad,0.6447
202,1,female,0.8328,natural,0.5681
202,5,female,0.7838,natural,0.8100
203,3,male,0.9947,natural,0.5049
203,1,female,0.8328,natural,0.5681
203,5,female,0.7838,natural,0.8100
204,3,male,0.9947,natural,0.5049
204,1,female,0.8328,natural,0.5681
204,5,female,0.7838,natural,0.8100
205,3,male,0.9947,natural,0.5049
205,1,female,0.8328,natural,0.5681
205,5,female,0.9037,natural,0.5210
206,3,male,0.9947,natural,0.5049
206,1,female,0.8328,natural,0.5681
206,5,female,0.9037,natural,0.5210
207,3,male,0.9947,natural,0.5049
207,1,female,0.8328,natural,0.5681
207,5,female,0.9037,natural,0.5210
208,3,male,0.9947,natural,0.5049
208,1,female,0.8328,natural,0.5681
208,5,female,0.9037,natural,0.5210
209,3,male,0.9947,natural,0.5049
209,1,female,0.8328,natural,0.5681
209,5,female,0.9037,natural,0.5210
210,3,male,0.9947,natural,0.5049
210,1,female,0.8328,natural,0.5681
210,5,female,0.9037,natural,0.5210
211,3,male,0.9947,natural,0.5049
211,1,female,0.8328,natural,0.5681
211,5,female,0.9037,natural,0.5210
212,3,male,0.9947,natural,0.5049
212,1,female,0.8328,natural,0.5681
212,5,female,0.9037,natural,0.5210
213,3,male,0.9947,natural,0.5049
213,1,female,0.8328,natural,0.5681
213,5,female,0.9037,natural,0.5210
214,3,male,0.9947,natural,0.5049
214,1,female,0.8328,natural,0.5681
214,5,female,0.9037,natural,0.5210
215,3,male,0.9947,natural,0.5049
215,1,female,0.8328,natural,0.5681
215,5,female,0.9037,natural,0.5210
216,3,male,0.9947,natural,0.5049
216,1,female,0.8328,natural,0.5681
216,5,female,0.9037,natural,0.5210
217,3,male,0.9947,natural,0.5049
217,1,female,0.8328,natural,0.5681
217,5,female,0.9037,natural,0.5210
218,3,male,0.9947,natural,0.5049
218,1,female,0.8328,natural,0.5681
218,5,female,0.9037,natural,0.5210
219,3,male,0.9947,natural,0.5049
219,1,female,0.8328,natural,0.5681
219,5,female,0.9037,natural,0.5210
220,3,male,0.9947,natural,0.5049
220,1,female,0.8328,natural,0.5681
220,5,female,0.9037,natural,0.5210
221,3,male,0.9947,natural,0.5049
221,1,female,0.8328,natural,0.5681
221,5,female,0.9037,natural,0.5210
222,3,male,0.9947,natural,0.5049
222,1,female,0.8328,natural,0.5681
222,5,female,0.9037,natural,0.5210
223,3,male,0.9947,natural,0.5049
223,1,female,0.8328,natural,0.5681
223,5,female,0.9037,natural,0.5210
224,3,male,0.9947,natural,0.5049
224,1,female,0.8328,natural,0.5681
224,5,female,0.9037,natural,0.5210
225,3,male,0.9947,natural,0.5049
225,1,female,0.8328,natural,0.5681
225,5,female,0.9037,natural,0.5210
226,3,male,0.9947,natural,0.5049
226,1,female,0.8328,natural,0.5681
226,5,female,0.9037,natural,0.5210
227,3,male,0.9947,natural,0.5049
227,1,female,0.8328,natural,0.5681
227,5,female,0.9037,natural,0.5210
228,3,male,0.9947,natural,0.5049
228,1,female,0.8328,natural,0.5681
228,5,female,0.9037,natural,0.5210
229,3,male,0.9947,natural,0.5049
229,1,female,0.8328,natural,0.5681
229,5,female,0.9037,natural,0.5210
230,3,male,0.9947,natural,0.5049
230,1,female,0.8328,natural,0.5681
230,5,female,0.9037,natural,0.5210
231,3,male,0.9947,natural,0.5049
231,1,female,0.8328,natural,0.5681
231,5,female,0.9037,natural,0.5210
232,3,male,0.9947,natural,0.5049
232,1,female,0.8328,natural,0.5681
232,5,female,0.9037,natural,0.5210
233,3,male,0.9947,natural,0.5049
233,1,female,0.8328,natural,0.5681
233,5,female,0.9037,natural,0.5210
234,3,male,0.9947,natural,0.5049
234,1,female,0.8328,natural,0.5681
234,5,female,0.9037,natural,0.5210
235,3,male,0.9947,natural,0.5049
235,1,female,0.8328,natural,0.5681
235,5,female,0.9037,natural,0.5210
236,3,male,0.9947,natural,0.5049
236,1,female,0.8328,natural,0.5681
236,5,female,0.9037,natural,0.5210
237,3,male,0.9947,natural,0.5049
237,1,female,0.8328,natural,0.5681
237,5,female,0.9037,natural,0.5210
238,3,male,0.9947,natural,0.5049
238,1,female,0.8328,natural,0.5681
238,5,female,0.9037,natural,0.5210
239,3,male,0.9947,natural,0.5049
239,1,female,0.8328,natural,0.5681
239,5,female,0.9037,natural,0.5210
240,3,male,0.9947,natural,0.5049
240,1,female,0.8328,natural,0.5681
240,5,female,0.9037,natural,0.5210
241,3,male,0.9947,natural,0.5049
241,1,female,0.8328,natural,0.5681
241,5,female,0.9037,natural,0.5210
242,1,female,0.8328,natural,0.5681
242,3,male,0.9947,natural,0.5049
243,3,male,0.9947,natural,0.5049
243,1,female,0.8328,natural,0.5681
243,5,female,0.9037,natural,0.5210
244,3,male,0.9947,natural,0.5049
244,1,female,0.8328,natural,0.5681
244,5,female,0.9037,natural,0.5210
245,3,male,0.9947,natural,0.5049
245,1,female,0.8328,natural,0.5681
245,5,female,0.9037,natural,0.5210
246,1,female,0.8328,natural,0.5681
246,3,male,0.9947,natural,0.5049
246,5,female,0.9037,natural,0.5210
247,3,male,0.9947,natural,0.5049
247,1,female,0.8328,natural,0.5681
247,5,female,0.9037,natural,0.5210
248,1,female,0.8328,natural,0.5681
248,5,female,0.9037,natural,0.5210
248,3,male,0.9947,natural,0.5049
249,1,female,0.8328,natural,0.5681
249,5,female,0.9037,natural,0.5210
250,1,female,0.8328,natural,0.5681
250,5,female,0.9037,natural,0.5210
251,1,male,0.8359,natural,0.8249
251,5,female,0.9037,natural,0.5210
252,1,male,0.8359,natural,0.8249
252,5,female,0.9037,natural,0.5210
253,1,male,0.8359,natural,0.8249
253,5,female,0.9037,natural,0.5210
254,1,male,0.8359,natural,0.8249
254,5,female,0.9037,natural,0.5210
255,1,male,0.8359,natural,0.8249
255,5,female,0.5260,natural,0.8063
256,1,male,0.8359,natural,0.8249
256,5,female,0.5260,natural,0.8063
257,1,male,0.8359,natural,0.8249
257,5,female,0.5260,natural,0.8063
258,1,male,0.8359,natural,0.8249
258,5,female,0.5260,natural,0.8063
259,1,male,0.8359,natural,0.8249
259,5,female,0.5260,natural,0.8063
260,1,male,0.8359,natural,0.8249
260,5,female,0.5260,natural,0.8063
261,1,male,0.8359,natural,0.8249
261,5,female,0.5260,natural,0.8063
262,1,male,0.8359,natural,0.8249
262,5,female,0.5260,natural,0.8063
263,1,male,0.8359,natural,0.8249
263,5,female,0.5260,natural,0.8063
264,1,male,0.8359,natural,0.8249
264,5,female,0.5260,natural,0.8063
265,1,male,0.8359,natural,0.8249
265,6,male,0.6685,happy,0.7709
265,5,female,0.5260,natural,0.8063
266,1,male,0.8359,natural,0.8249
266,6,male,0.6685,happy,0.7709
267,1,male,0.8359,natural,0.8249
267,6,male,0.6685,happy,0.7709
268,1,male,0.8359,natural,0.8249
268,5,female,0.5260,natural,0.8063
269,1,male,0.8359,natural,0.8249
269,5,female,0.5260,natural,0.8063
270,1,male,0.8359,natural,0.8249
270,5,female,0.5260,natural,0.8063
270,6,male,0.6685,happy,0.7709
271,1,male,0.8359,natural,0.8249
271,5,female,0.5260,natural,0.8063
271,6,male,0.6685,happy,0.7709
272,5,female,0.5260,natural,0.8063
272,6,male,0.6685,happy,0.7709
273,5,female,0.5260,natural,0.8063
273,6,male,0.6685,happy,0.7709
273,1,male,0.8359,natural,0.8249
274,5,female,0.5260,natural,0.8063
274,6,male,0.6685,happy,0.7709
274,1,male,0.8359,natural,0.8249
275,5,female,0.5260,natural,0.8063
275,3,male,0.9947,natural,0.5049
276,6,male,0.6685,happy,0.7709
276,5,female,0.5260,natural,0.8063
277,5,female,0.5260,natural,0.8063
277,6,male,0.6685,happy,0.7709
278,5,female,0.5260,natural,0.8063
278,6,male,0.6685,happy,0.7709
279,5,female,0.5260,natural,0.8063
279,6,male,0.6685,happy,0.7709
280,5,female,0.5260,natural,0.8063
280,1,male,0.8359,natural,0.8249
280,6,male,0.6685,happy,0.7709
281,5,female,0.5260,natural,0.8063
282,5,female,0.5260,natural,0.8063
282,1,male,0.8359,natural,0.8249
283,5,female,0.5260,natural,0.8063
283,1,male,0.8359,natural,0.8249
284,5,female,0.5260,natural,0.8063
284,1,male,0.8359,natural,0.8249
285,1,male,0.8359,natural,0.8249
285,5,female,0.5260,natural,0.8063
286,1,male,0.8359,natural,0.8249
286,5,female,0.5260,natural,0.8063
287,1,male,0.8359,natural,0.8249
287,5,female,0.5260,natural,0.8063
288,1,male,0.8359,natural,0.8249
288,5,female,0.5260,natural,0.8063
289,1,male,0.8359,natural,0.8249
289,5,female,0.5260,natural,0.8063
290,1,male,0.8359,natural,0.8249
290,5,female,0.5260,natural,0.8063
291,1,male,0.8359,natural,0.8249
291,5,female,0.5260,natural,0.8063
292,1,male,0.8359,natural,0.8249
292,5,female,0.5260,natural,0.8063
293,1,male,0.8359,natural,0.8249
293,5,female,0.5260,natural,0.8063
294,1,male,0.8359,natural,0.8249
294,5,female,0.5260,natural,0.8063
295,1,male,0.8359,natural,0.8249
295,5,female,0.5260,natural,0.8063
296,1,male,0.8359,natural,0.8249
296,5,female,0.5260,natural,0.8063
297,1,male,0.8359,natural,0.8249
297,5,female,0.5260,natural,0.8063
298,1,male,0.8359,natural,0.8249
298,5,female,0.5260,natural,0.8063
299,1,male,0.8359,natural,0.8249
299,5,female,0.5260,natural,0.8063
300,1,male,0.8359,natural,0.8249
301,1,female,0.5442,natural,0.9283
301,5,female,0.5260,natural,0.8063
302,1,female,0.5442,natural,0.9283
302,5,female,0.5260,natural,0.8063
303,1,female,0.5442,natural,0.9283
303,5,female,0.5260,natural,0.8063
304,1,female,0.5442,natural,0.9283
304,5,female,0.5260,natural,0.8063
305,1,female,0.5442,natural,0.9283
305,5,male,0.7331,natural,0.9220
306,1,female,0.5442,natural,0.9283
306,5,male,0.7331,natural,0.9220
307,1,female,0.5442,natural,0.9283
307,5,male,0.7331,natural,0.9220
308,1,female,0.5442,natural,0.9283
308,5,male,0.7331,natural,0.9220
309,1,female,0.5442,natural,0.9283
309,5,male,0.7331,natural,0.9220
310,1,female,0.5442,natural,0.9283
310,5,male,0.7331,natural,0.9220
311,1,female,0.5442,natural,0.9283
311,5,male,0.7331,natural,0.9220
312,1,female,0.5442,natural,0.9283
312,5,male,0.7331,natural,0.9220
313,1,female,0.5442,natural,0.9283
313,5,male,0.7331,natural,0.9220
314,1,female,0.5442,natural,0.9283
314,5,male,0.7331,natural,0.9220
315,1,female,0.5442,natural,0.9283
315,5,male,0.7331,natural,0.9220
316,1,female,0.5442,natural,0.9283
316,5,male,0.7331,natural,0.9220
317,1,female,0.5442,natural,0.9283
317,5,male,0.7331,natural,0.9220
318,1,female,0.5442,natural,0.9283
318,5,male,0.7331,natural,0.9220
319,1,female,0.5442,natural,0.9283
319,5,male,0.7331,natural,0.9220
320,1,female,0.5442,natural,0.9283
320,5,male,0.7331,natural,0.9220
321,1,female,0.5442,natural,0.9283
321,5,male,0.7331,natural,0.9220
322,1,female,0.5442,natural,0.9283
322,5,male,0.7331,natural,0.9220
323,1,female,0.5442,natural,0.9283
323,5,male,0.7331,natural,0.9220
324,1,female,0.5442,natural,0.9283
324,5,male,0.7331,natural,0.9220
325,1,female,0.5442,natural,0.9283
325,5,male,0.7331,natural,0.9220
326,1,female,0.5442,natural,0.9283
326,5,male,0.7331,natural,0.9220
327,1,female,0.5442,natural,0.9283
327,5,male,0.7331,natural,0.9220
328,1,female,0.5442,natural,0.9283
328,5,male,0.7331,natural,0.9220
329,1,female,0.5442,natural,0.9283
329,5,male,0.7331,natural,0.9220
330,1,female,0.5442,natural,0.9283
330,5,male,0.7331,natural,0.9220
331,1,female,0.5442,natural,0.9283
331,5,male,0.7331,natural,0.9220
332,1,female,0.5442,natural,0.9283
332,5,male,0.7331,natural,0.9220
333,1,female,0.5442,natural,0.9283
333,5,male,0.7331,natural,0.9220
334,1,female,0.5442,natural,0.9283
334,5,male,0.7331,natural,0.9220
335,1,female,0.5442,natural,0.9283
335,5,male,0.7331,natural,0.9220
336,1,female,0.5442,natural,0.9283
336,5,male,0.7331,natural,0.9220
337,1,female,0.5442,natural,0.9283
337,5,male,0.7331,natural,0.9220
338,1,female,0.5442,natural,0.9283
338,5,male,0.7331,natural,0.9220
339,1,female,0.5442,natural,0.9283
339,5,male,0.7331,natural,0.9220
340,1,female,0.5442,natural,0.9283
340,5,male,0.7331,natural,0.9220
341,1,female,0.5442,natural,0.9283
341,5,male,0.7331,natural,0.9220
342,1,female,0.5442,natural,0.9283
342,5,male,0.7331,natural,0.9220
343,1,female,0.5442,natural,0.9283
343,5,male,0.7331,natural,0.9220
344,1,female,0.5442,natural,0.9283
344,5,male,0.7331,natural,0.9220
345,1,female,0.5442,natural,0.9283
346,1,female,0.5442,natural,0.9283
347,1,female,0.5442,natural,0.9283
348,1,female,0.5442,natural,0.9283
349,1,female,0.5442,natural,0.9283
350,1,female,0.5442,natural,0.9283
351,1,female,0.5854,natural,0.7247
352,1,female,0.5854,natural,0.7247
353,1,female,0.5854,natural,0.7247
354,1,female,0.5854,natural,0.7247
355,1,female,0.5854,natural,0.7247
356,1,female,0.5854,natural,0.7247
357,1,female,0.5854,natural,0.7247
358,1,female,0.5854,natural,0.7247
359,1,female,0.5854,natural,0.7247
360,1,female,0.5854,natural,0.7247
361,1,female,0.5854,natural,0.7247
362,1,female,0.5854,natural,0.7247
363,1,female,0.5854,natural,0.7247
364,1,female,0.5854,natural,0.7247
365,1,female,0.5854,natural,0.7247
366,1,female,0.5854,natural,0.7247
367,1,female,0.5854,natural,0.7247
368,1,female,0.5854,natural,0.7247
369,1,female,0.5854,natural,0.7247
370,1,female,0.5854,natural,0.7247
371,1,female,0.5854,natural,0.7247
372,1,female,0.5854,natural,0.7247
373,1,female,0.5854,natural,0.7247
374,1,female,0.5854,natural,0.7247
375,1,female,0.5854,natural,0.7247
376,1,female,0.5854,natural,0.7247
377,1,female,0.5854,natural,0.7247
378,1,female,0.5854,natural,0.7247
379,1,female,0.5854,natural,0.7247
380,1,female,0.5854,natural,0.7247
381,1,female,0.5854,natural,0.7247
382,1,female,0.5854,natural,0.7247
383,1,female,0.5854,natural,0.7247
384,1,female,0.5854,natural,0.7247
385,1,female,0.5854,natural,0.7247
386,1,female,0.5854,natural,0.7247
387,1,female,0.5854,natural,0.7247
388,1,female,0.5854,natural,0.7247
389,1,female,0.5854,natural,0.7247
390,1,female,0.5854,natural,0.7247
391,1,female,0.5854,natural,0.7247
392,1,female,0.5854,natural,0.7247
393,1,female,0.5854,natural,0.7247
394,1,female,0.5854,natural,0.7247
395,1,female,0.5854,natural,0.7247
396,1,female,0.5854,natural,0.7247
397,1,female,0.5854,natural,0.7247
398,1,female,0.5854,natural,0.7247
399,1,female,0.5854,natural,0.7247
400,1,female,0.5854,natural,0.7247
401,1,male,0.5234,natural,0.6103
402,1,male,0.5234,natural,0.6103
403,1,male,0.5234,natural,0.6103
404,1,male,0.5234,natural,0.6103
405,1,male,0.5234,natural,0.6103
406,1,male,0.5234,natural,0.6103
407,1,male,0.5234,natural,0.6103
408,1,male,0.5234,natural,0.6103
409,1,male,0.5234,natural,0.6103
410,1,male,0.5234,natural,0.6103
411,1,male,0.5234,natural,0.6103
412,1,male,0.5234,natural,0.6103
413,1,male,0.5234,natural,0.6103
414,1,male,0.5234,natural,0.6103
415,1,male,0.5234,natural,0.6103
416,1,male,0.5234,natural,0.6103
417,1,male,0.5234,natural,0.6103
418,1,male,0.5234,natural,0.6103
419,1,male,0.5234,natural,0.6103
420,1,male,0.5234,natural,0.6103
421,1,male,0.5234,natural,0.6103
422,1,male,0.5234,natural,0.6103
423,1,male,0.5234,natural,0.6103
424,1,male,0.5234,natural,0.6103
425,1,male,0.5234,natural,0.6103
426,1,male,0.5234,natural,0.6103
427,1,male,0.5234,natural,0.6103
428,1,male,0.5234,natural,0.6103
429,1,male,0.5234,natural,0.6103
430,1,male,0.5234,natural,0.6103
431,1,male,0.5234,natural,0.6103
432,1,male,0.5234,natural,0.6103
433,1,male,0.5234,natural,0.6103
434,1,male,0.5234,natural,0.6103
435,1,male,0.5234,natural,0.6103
436,1,male,0.5234,natural,0.6103
437,1,male,0.5234,natural,0.6103
438,1,male,0.5234,natural,0.6103
439,1,male,0.5234,natural,0.6103
440,1,male,0.5234,natural,0.6103
441,1,male,0.5234,natural,0.6103
442,1,male,0.5234,natural,0.6103
443,1,male,0.5234,natural,0.6103
444,1,male,0.5234,natural,0.6103
445,1,male,0.5234,natural,0.6103
446,1,male,0.5234,natural,0.6103
447,1,male,0.5234,natural,0.6103
448,1,male,0.5234,natural,0.6103
449,1,male,0.5234,natural,0.6103
450,1,male,0.5234,natural,0.6103
451,1,male,0.5817,natural,0.4709
